Name,Services,Saps,Ports
BAQ_VST_7210_02,103,150,12
BAQ_VST_7210_03,10,80,12
BAQ_VST_7210_04,11,73,15
BAQ_VST_7210_05,49,136,7
BAQ_VST_7210_06,154,174,3
BQA_VST_7210_01,16,15,6

Name,Services,Saps,Ports
BAQ_VST_7210_02,103,150,12
BAQ_VST_7210_03,10,80,12
BAQ_VST_7210_04,11,73,15
BAQ_VST_7210_05,49,136,7
BAQ_VST_7210_06,154,174,3
BQA_VST_7210_01,16,15,6

Name,Services,Saps,Ports
BAQ_VST_7210_02,103,150,12
BAQ_VST_7210_03,10,80,12
BAQ_VST_7210_04,11,73,15
BAQ_VST_7210_05,49,136,7
BAQ_VST_7210_06,154,174,3
BQA_VST_7210_01,16,15,6

Name,Services,Saps,Ports
BAQ_VST_7210_02,103,150,12
BAQ_VST_7210_03,10,80,12
BAQ_VST_7210_04,11,73,15
BAQ_VST_7210_05,49,136,7
BAQ_VST_7210_06,154,174,3
BQA_VST_7210_01,16,15,6

Name,Services,Saps,Ports
BAQ_VST_7210_02,103,150,12
BAQ_VST_7210_03,10,80,12
BAQ_VST_7210_04,11,73,15
BAQ_VST_7210_05,49,136,7
BAQ_VST_7210_06,154,174,3
BQA_VST_7210_01,16,15,6


